IP,C2
5.189.140.26,Cobalt Strike C2
111.228.4.54,Cobalt Strike C2
120.48.18.226,Cobalt Strike C2
104.168.117.123,Cobalt Strike C2
52.220.247.175,Cobalt Strike C2
101.43.29.69,Cobalt Strike C2
47.76.96.68,Cobalt Strike C2
143.92.43.231,Cobalt Strike C2
13.223.165.118,Cobalt Strike C2
115.191.25.159,Cobalt Strike C2
118.31.114.149,Cobalt Strike C2
8.136.97.98,Cobalt Strike C2
118.24.42.214,Cobalt Strike C2
43.138.186.157,Cobalt Strike C2
198.23.196.130,Cobalt Strike C2
43.139.108.161,Cobalt Strike C2
149.88.73.40,Cobalt Strike C2
115.29.231.140,Cobalt Strike C2
106.75.31.247,Cobalt Strike C2
117.72.39.83,Cobalt Strike C2
39.105.74.52,Cobalt Strike C2
34.68.221.226,Cobalt Strike C2
52.212.20.160,Cobalt Strike C2
83.229.127.46,Cobalt Strike C2
8.138.167.123,Cobalt Strike C2
15.228.3.86,Cobalt Strike C2
167.160.184.122,Cobalt Strike C2
156.245.144.203,Cobalt Strike C2
106.12.4.244,Cobalt Strike C2
103.48.133.145,Cobalt Strike C2
38.147.170.246,Cobalt Strike C2
45.9.249.179,Cobalt Strike C2
115.190.160.206,Cobalt Strike C2
1.15.76.39,Cobalt Strike C2
86.54.24.26,Cobalt Strike C2
34.56.42.78,Cobalt Strike C2
172.208.108.15,Cobalt Strike C2
80.94.95.26,Cobalt Strike C2
47.109.198.8,Cobalt Strike C2
185.3.45.6,Cobalt Strike C2
52.31.3.15,Cobalt Strike C2
107.173.186.7,Cobalt Strike C2
43.161.245.186,Cobalt Strike C2
47.111.227.56,Cobalt Strike C2
156.225.20.77,Cobalt Strike C2
52.248.41.253,Cobalt Strike C2
121.41.15.50,Cobalt Strike C2
8.163.7.87,Cobalt Strike C2
40.67.146.12,Cobalt Strike C2
113.44.4.61,Cobalt Strike C2
49.234.14.244,Cobalt Strike C2
3.127.151.31,Cobalt Strike C2
158.94.173.11,Cobalt Strike C2
47.102.184.26,Cobalt Strike C2
8.137.149.67,Cobalt Strike C2
139.224.16.185,Cobalt Strike C2
109.244.130.113,Cobalt Strike C2
18.218.74.215,Cobalt Strike C2
120.76.143.184,Cobalt Strike C2
45.202.249.88,Cobalt Strike C2
117.72.181.104,Cobalt Strike C2
46.137.196.122,Cobalt Strike C2
156.238.249.5,Cobalt Strike C2
43.128.27.124,Cobalt Strike C2
82.156.62.131,Cobalt Strike C2
74.211.98.224,Cobalt Strike C2
101.35.95.103,Cobalt Strike C2
151.241.88.172,Cobalt Strike C2
120.25.196.146,Cobalt Strike C2
143.92.43.153,Cobalt Strike C2
23.248.204.162,Cobalt Strike C2
34.243.42.116,Cobalt Strike C2
43.132.129.236,Cobalt Strike C2
106.13.29.104,Cobalt Strike C2
121.4.92.72,Cobalt Strike C2
101.35.131.119,Cobalt Strike C2
82.156.90.136,Cobalt Strike C2
43.143.242.10,Cobalt Strike C2
3.88.6.51,Cobalt Strike C2
43.167.177.224,Cobalt Strike C2
47.105.36.109,Cobalt Strike C2
104.236.69.171,Cobalt Strike C2
52.50.17.205,Cobalt Strike C2
117.72.175.125,Cobalt Strike C2
116.198.233.179,Cobalt Strike C2
156.239.47.94,Cobalt Strike C2
147.78.2.110,Cobalt Strike C2
209.59.184.78,Cobalt Strike C2
172.187.216.197,Cobalt Strike C2
182.255.44.96,Cobalt Strike C2
46.20.109.225,Cobalt Strike C2
43.139.231.249,Cobalt Strike C2
150.187.25.242,Cobalt Strike C2
134.199.247.62,Cobalt Strike C2
1.92.101.103,Cobalt Strike C2
45.76.84.82,Cobalt Strike C2
8.159.146.72,Cobalt Strike C2
47.107.136.106,Cobalt Strike C2
103.48.133.143,Cobalt Strike C2
218.244.142.4,Cobalt Strike C2
77.81.138.160,Cobalt Strike C2
138.252.81.168,Cobalt Strike C2
113.31.115.231,Cobalt Strike C2
103.39.79.102,Cobalt Strike C2
130.12.180.141,Cobalt Strike C2
117.72.191.140,Cobalt Strike C2
152.136.159.25,Cobalt Strike C2
47.121.137.8,Cobalt Strike C2
143.92.43.246,Cobalt Strike C2
152.32.157.188,Cobalt Strike C2
117.72.198.62,Cobalt Strike C2
107.174.186.78,Cobalt Strike C2
43.138.39.212,Cobalt Strike C2
156.245.147.101,Cobalt Strike C2
115.190.161.178,Cobalt Strike C2
49.234.199.152,Cobalt Strike C2
47.92.208.27,Cobalt Strike C2
23.235.186.164,Cobalt Strike C2
83.229.126.183,Cobalt Strike C2
47.122.47.221,Cobalt Strike C2
103.97.176.69,Cobalt Strike C2
156.234.20.19,Cobalt Strike C2
154.94.233.234,Cobalt Strike C2
193.112.165.165,Cobalt Strike C2
47.115.221.177,Cobalt Strike C2
38.147.170.252,Cobalt Strike C2
154.201.68.191,Cobalt Strike C2
77.83.36.163,Cobalt Strike C2
8.138.222.215,Cobalt Strike C2
139.226.191.247,Cobalt Strike C2
80.66.83.42,Cobalt Strike C2
139.224.67.220,Cobalt Strike C2
43.154.190.128,Cobalt Strike C2
91.211.251.245,Cobalt Strike C2
152.136.204.200,Cobalt Strike C2
139.224.23.63,Cobalt Strike C2
79.174.83.7,Cobalt Strike C2
165.154.247.220,Cobalt Strike C2
13.41.96.167,Cobalt Strike C2
103.117.120.98,Cobalt Strike C2
143.92.51.45,Cobalt Strike C2
47.239.222.85,Cobalt Strike C2
116.62.31.195,Cobalt Strike C2
124.220.6.158,Cobalt Strike C2
154.89.152.200,Cobalt Strike C2
111.228.55.96,Cobalt Strike C2
114.132.199.129,Cobalt Strike C2
59.110.28.230,Cobalt Strike C2
118.107.0.254,Cobalt Strike C2
3.38.253.157,Cobalt Strike C2
192.3.98.166,Cobalt Strike C2
91.197.97.236,Cobalt Strike C2
64.176.36.41,Cobalt Strike C2
52.212.107.232,Cobalt Strike C2
52.15.149.177,Cobalt Strike C2
129.28.122.92,Cobalt Strike C2
118.26.39.237,Cobalt Strike C2
63.180.241.19,Cobalt Strike C2
47.104.248.7,Cobalt Strike C2
91.197.97.122,Cobalt Strike C2
104.143.39.243,Cobalt Strike C2
39.105.165.37,Cobalt Strike C2
117.72.242.9,Cobalt Strike C2
185.15.187.55,Cobalt Strike C2
47.120.54.23,Cobalt Strike C2
38.207.176.96,Cobalt Strike C2
64.118.135.172,Cobalt Strike C2
124.222.75.188,Cobalt Strike C2
86.106.143.213,Cobalt Strike C2
89.124.120.221,Cobalt Strike C2
152.32.202.240,Cobalt Strike C2
18.202.82.80,Cobalt Strike C2
5.104.86.108,Cobalt Strike C2
101.35.214.58,Cobalt Strike C2
47.94.162.43,Cobalt Strike C2
129.211.2.123,Cobalt Strike C2
152.42.233.145,Cobalt Strike C2
34.214.106.56,Cobalt Strike C2
156.234.65.182,Cobalt Strike C2
18.168.221.224,Cobalt Strike C2
82.156.219.31,Cobalt Strike C2
180.76.141.175,Cobalt Strike C2
8.219.76.168,Cobalt Strike C2
183.63.173.29,Cobalt Strike C2
67.70.241.201,Cobalt Strike C2
23.154.196.15,Cobalt Strike C2
103.48.133.153,Cobalt Strike C2
43.143.145.187,Cobalt Strike C2
193.227.240.212,Cobalt Strike C2
106.75.215.96,Cobalt Strike C2
45.192.193.131,Cobalt Strike C2
64.225.18.184,Cobalt Strike C2
117.72.178.246,Cobalt Strike C2
23.235.186.175,Cobalt Strike C2
47.109.23.77,Cobalt Strike C2
217.218.237.100,Metasploit Framework C2
40.177.229.9,Metasploit Framework C2
56.155.120.236,Metasploit Framework C2
51.84.191.57,Metasploit Framework C2
13.204.88.59,Metasploit Framework C2
16.63.108.221,Metasploit Framework C2
15.168.239.39,Metasploit Framework C2
15.160.224.177,Metasploit Framework C2
88.99.214.170,Metasploit Framework C2
43.202.156.121,Metasploit Framework C2
91.215.85.51,Metasploit Framework C2
35.152.37.239,Metasploit Framework C2
16.26.179.219,Metasploit Framework C2
107.174.231.200,Metasploit Framework C2
43.210.79.25,Metasploit Framework C2
45.227.254.130,Metasploit Framework C2
3.141.196.96,Metasploit Framework C2
108.131.255.162,Metasploit Framework C2
16.50.210.199,Metasploit Framework C2
178.16.54.207,Metasploit Framework C2
16.176.146.127,Metasploit Framework C2
38.22.234.236,Metasploit Framework C2
117.72.45.63,Metasploit Framework C2
13.214.165.15,Metasploit Framework C2
185.254.57.201,Metasploit Framework C2
78.14.50.12,Metasploit Framework C2
15.152.147.178,Metasploit Framework C2
192.96.201.67,Metasploit Framework C2
18.142.95.236,Metasploit Framework C2
184.185.107.7,Metasploit Framework C2
13.40.190.150,Metasploit Framework C2
98.91.205.4,Metasploit Framework C2
138.197.18.115,Metasploit Framework C2
95.40.64.235,Metasploit Framework C2
103.133.215.183,Metasploit Framework C2
13.230.49.39,Metasploit Framework C2
43.198.85.98,Metasploit Framework C2
13.244.113.26,Metasploit Framework C2
51.84.240.88,Metasploit Framework C2
54.66.215.19,Metasploit Framework C2
43.210.170.215,Metasploit Framework C2
40.177.151.22,Metasploit Framework C2
209.195.169.238,Metasploit Framework C2
103.8.28.107,Metasploit Framework C2
43.206.132.128,Metasploit Framework C2
16.171.38.13,Metasploit Framework C2
13.127.170.8,Metasploit Framework C2
40.177.221.147,Metasploit Framework C2
16.62.127.160,Metasploit Framework C2
51.84.11.95,Metasploit Framework C2
13.208.213.239,Metasploit Framework C2
13.247.87.42,Metasploit Framework C2
202.56.160.190,Metasploit Framework C2
217.114.222.12,Metasploit Framework C2
18.191.199.197,Metasploit Framework C2
54.116.53.128,Metasploit Framework C2
109.228.59.27,Metasploit Framework C2
3.76.121.226,Metasploit Framework C2
40.177.126.229,Metasploit Framework C2
103.177.46.18,Metasploit Framework C2
78.12.187.107,Metasploit Framework C2
18.134.209.136,Metasploit Framework C2
51.96.135.29,Metasploit Framework C2
16.50.52.156,Metasploit Framework C2
54.95.119.59,Metasploit Framework C2
103.152.3.53,Metasploit Framework C2
3.92.84.57,Metasploit Framework C2
103.124.196.181,Metasploit Framework C2
103.8.28.177,Metasploit Framework C2
52.69.114.120,Metasploit Framework C2
103.177.46.51,Metasploit Framework C2
51.20.1.104,Metasploit Framework C2
108.136.59.145,Metasploit Framework C2
51.49.40.22,Metasploit Framework C2
51.94.32.121,Metasploit Framework C2
217.114.222.10,Metasploit Framework C2
13.245.161.231,Metasploit Framework C2
63.183.214.37,Metasploit Framework C2
16.50.236.68,Metasploit Framework C2
15.152.167.35,Metasploit Framework C2
103.177.47.245,Metasploit Framework C2
2.57.122.72,Metasploit Framework C2
3.142.82.146,Metasploit Framework C2
3.68.109.87,Metasploit Framework C2
15.152.215.107,Metasploit Framework C2
16.51.62.173,Metasploit Framework C2
168.245.201.32,Metasploit Framework C2
18.230.201.32,Metasploit Framework C2
16.52.133.235,Metasploit Framework C2
35.180.234.131,Metasploit Framework C2
15.223.230.178,Metasploit Framework C2
103.234.16.100,Metasploit Framework C2
35.183.107.217,Metasploit Framework C2
3.99.26.175,Metasploit Framework C2
60.191.208.227,Metasploit Framework C2
103.152.3.10,Metasploit Framework C2
16.50.43.134,Metasploit Framework C2
13.204.92.144,Metasploit Framework C2
3.145.112.16,Metasploit Framework C2
16.50.180.121,Metasploit Framework C2
43.209.252.114,Metasploit Framework C2
3.36.57.114,Metasploit Framework C2
3.101.36.97,Metasploit Framework C2
18.116.31.59,Metasploit Framework C2
3.143.5.82,Metasploit Framework C2
18.196.34.172,Metasploit Framework C2
54.153.54.43,Metasploit Framework C2
78.14.50.135,Metasploit Framework C2
103.177.47.213,Metasploit Framework C2
16.51.179.55,Metasploit Framework C2
15.228.101.169,Metasploit Framework C2
18.217.111.202,Metasploit Framework C2
51.95.110.76,Metasploit Framework C2
56.155.98.17,Metasploit Framework C2
43.208.9.4,Metasploit Framework C2
43.210.15.168,Metasploit Framework C2
16.18.36.237,Metasploit Framework C2
16.63.19.121,Metasploit Framework C2
77.92.95.143,Metasploit Framework C2
167.71.4.231,Metasploit Framework C2
172.104.119.48,Metasploit Framework C2
35.183.178.103,Metasploit Framework C2
54.210.176.32,Metasploit Framework C2
15.223.42.96,Metasploit Framework C2
54.153.119.90,Metasploit Framework C2
18.206.153.212,Metasploit Framework C2
95.40.1.189,Metasploit Framework C2
16.54.88.225,Metasploit Framework C2
13.231.112.229,Metasploit Framework C2
13.51.165.10,Metasploit Framework C2
15.157.169.66,Metasploit Framework C2
194.233.90.144,Metasploit Framework C2
51.16.42.151,Metasploit Framework C2
18.191.217.153,Metasploit Framework C2
103.152.3.113,Metasploit Framework C2
193.29.56.122,Metasploit Framework C2
202.112.238.106,Metasploit Framework C2
54.218.114.240,Metasploit Framework C2
13.245.229.59,Metasploit Framework C2
43.218.99.128,Metasploit Framework C2
38.87.116.239,Metasploit Framework C2
16.50.125.178,Metasploit Framework C2
13.211.255.233,Metasploit Framework C2
16.63.139.7,Metasploit Framework C2
168.245.201.31,Metasploit Framework C2
13.245.9.254,Metasploit Framework C2
18.231.249.53,Metasploit Framework C2
18.118.153.127,Metasploit Framework C2
15.229.66.200,Metasploit Framework C2
3.79.152.142,Metasploit Framework C2
3.142.74.252,Metasploit Framework C2
40.177.228.51,Metasploit Framework C2
13.60.31.231,Metasploit Framework C2
13.51.70.199,Metasploit Framework C2
18.228.136.82,Metasploit Framework C2
54.244.136.22,Metasploit Framework C2
173.212.214.79,Metasploit Framework C2
88.119.170.212,Metasploit Framework C2
3.38.207.246,Metasploit Framework C2
51.92.173.133,Metasploit Framework C2
51.16.32.239,Metasploit Framework C2
18.61.27.82,Metasploit Framework C2
44.243.239.66,Metasploit Framework C2
43.208.191.186,Metasploit Framework C2
54.67.150.251,Metasploit Framework C2
56.112.63.103,Metasploit Framework C2
64.255.203.222,Metasploit Framework C2
35.182.87.32,Metasploit Framework C2
103.152.3.157,Metasploit Framework C2
51.49.131.120,Metasploit Framework C2
187.49.187.224,Metasploit Framework C2
18.220.94.146,Metasploit Framework C2
199.101.109.41,Metasploit Framework C2
15.228.63.104,Metasploit Framework C2
43.209.13.70,Metasploit Framework C2
78.12.248.53,Metasploit Framework C2
40.177.135.143,Metasploit Framework C2
3.1.84.81,Metasploit Framework C2
40.176.240.154,Metasploit Framework C2
221.214.111.106,Metasploit Framework C2
13.244.75.102,Metasploit Framework C2
103.108.41.90,Metasploit Framework C2
45.79.198.18,Metasploit Framework C2
54.252.153.121,Metasploit Framework C2
103.253.147.9,Metasploit Framework C2
77.92.95.144,Metasploit Framework C2
63.88.77.170,Metasploit Framework C2
78.14.11.107,Metasploit Framework C2
78.12.140.232,Metasploit Framework C2
108.136.225.80,Metasploit Framework C2
18.207.107.79,Metasploit Framework C2
18.61.62.127,Metasploit Framework C2
44.202.224.152,Metasploit Framework C2
15.152.114.245,Metasploit Framework C2
54.151.102.171,Metasploit Framework C2
43.210.140.149,Metasploit Framework C2
18.101.205.71,Metasploit Framework C2
195.154.203.12,Metasploit Framework C2
3.141.7.201,Metasploit Framework C2
16.26.186.105,Metasploit Framework C2
54.153.24.91,Metasploit Framework C2
18.163.24.68,Metasploit Framework C2
54.250.253.126,Metasploit Framework C2
40.177.4.162,Metasploit Framework C2
168.245.203.124,Metasploit Framework C2
3.149.238.45,Metasploit Framework C2
56.112.34.239,Metasploit Framework C2
199.101.108.36,Metasploit Framework C2
43.209.231.189,Metasploit Framework C2
52.66.231.228,Metasploit Framework C2
167.172.145.51,Metasploit Framework C2
45.227.254.4,Metasploit Framework C2
13.49.23.49,Metasploit Framework C2
34.240.29.105,Metasploit Framework C2
18.61.145.45,Metasploit Framework C2
51.16.31.171,Metasploit Framework C2
35.183.238.230,Metasploit Framework C2
3.149.6.128,Metasploit Framework C2
120.237.147.54,Metasploit Framework C2
18.61.3.148,Metasploit Framework C2
16.51.129.96,Metasploit Framework C2
3.9.117.22,Metasploit Framework C2
43.199.75.187,Metasploit Framework C2
18.166.215.106,Metasploit Framework C2
51.255.46.245,Metasploit Framework C2
78.12.6.202,Metasploit Framework C2
162.243.22.15,Metasploit Framework C2
13.52.212.46,Metasploit Framework C2
100.31.208.112,Metasploit Framework C2
54.208.61.31,Metasploit Framework C2
146.103.121.226,Metasploit Framework C2
3.10.154.133,Metasploit Framework C2
16.50.102.124,Metasploit Framework C2
16.16.162.106,Metasploit Framework C2
16.26.93.74,Metasploit Framework C2
58.96.75.176,Metasploit Framework C2
78.13.243.91,Metasploit Framework C2
13.60.25.49,Metasploit Framework C2
51.84.236.220,Metasploit Framework C2
43.218.142.202,Metasploit Framework C2
13.250.55.36,Metasploit Framework C2
43.208.195.22,Metasploit Framework C2
52.53.178.180,Metasploit Framework C2
94.154.35.171,Metasploit Framework C2
13.246.21.3,Metasploit Framework C2
16.78.46.243,Metasploit Framework C2
35.181.160.225,Metasploit Framework C2
13.60.82.246,Metasploit Framework C2
101.47.9.244,Metasploit Framework C2
35.183.23.254,Metasploit Framework C2
35.77.77.208,Metasploit Framework C2
44.212.61.234,Metasploit Framework C2
35.180.40.237,Metasploit Framework C2
44.197.229.180,Metasploit Framework C2
106.53.75.203,Metasploit Framework C2
78.12.1.221,Metasploit Framework C2
13.238.217.89,Metasploit Framework C2
13.114.95.253,Metasploit Framework C2
159.223.29.112,Metasploit Framework C2
13.125.168.231,Metasploit Framework C2
3.8.100.242,Metasploit Framework C2
3.249.126.129,Metasploit Framework C2
13.201.32.247,Metasploit Framework C2
185.254.58.178,Metasploit Framework C2
54.155.137.179,Metasploit Framework C2
35.180.127.14,Metasploit Framework C2
18.232.162.197,Metasploit Framework C2
95.40.81.162,Metasploit Framework C2
54.153.157.246,Metasploit Framework C2
13.53.214.62,Metasploit Framework C2
13.39.148.18,Metasploit Framework C2
16.63.214.217,Metasploit Framework C2
43.202.44.161,Metasploit Framework C2
35.157.87.225,Metasploit Framework C2
16.78.8.115,Metasploit Framework C2
3.27.163.169,Metasploit Framework C2
62.84.102.124,Metasploit Framework C2
147.93.131.205,Metasploit Framework C2
139.59.93.252,Metasploit Framework C2
77.83.36.163,Metasploit Framework C2
3.97.12.228,Metasploit Framework C2
18.166.15.191,Metasploit Framework C2
51.16.250.96,Metasploit Framework C2
3.71.205.254,Metasploit Framework C2
18.132.205.154,Metasploit Framework C2
83.243.64.180,Metasploit Framework C2
16.50.168.125,Metasploit Framework C2
65.0.92.72,Metasploit Framework C2
16.26.78.247,Metasploit Framework C2
15.168.189.197,Metasploit Framework C2
18.117.145.237,Metasploit Framework C2
13.49.158.158,Metasploit Framework C2
15.237.116.136,Metasploit Framework C2
16.50.46.185,Metasploit Framework C2
15.228.96.70,Metasploit Framework C2
13.215.193.53,Metasploit Framework C2
89.58.9.56,Metasploit Framework C2
168.245.203.226,Metasploit Framework C2
13.208.215.98,Metasploit Framework C2
16.26.159.253,Metasploit Framework C2
13.244.73.24,Metasploit Framework C2
16.16.179.85,Metasploit Framework C2
45.12.62.94,Metasploit Framework C2
16.26.213.196,Metasploit Framework C2
43.209.5.41,Metasploit Framework C2
5.44.240.151,Metasploit Framework C2
43.208.109.68,Metasploit Framework C2
15.228.145.33,Metasploit Framework C2
56.124.78.149,Metasploit Framework C2
15.152.114.219,Metasploit Framework C2
52.50.119.228,Metasploit Framework C2
199.101.111.45,Metasploit Framework C2
16.60.184.92,Metasploit Framework C2
15.160.51.233,Metasploit Framework C2
38.76.199.154,Metasploit Framework C2
144.126.130.139,Metasploit Framework C2
208.85.17.127,Metasploit Framework C2
3.36.58.32,Metasploit Framework C2
13.37.217.118,Metasploit Framework C2
202.154.57.243,Metasploit Framework C2
63.88.77.169,Metasploit Framework C2
66.85.173.48,Metasploit Framework C2
13.208.187.92,Metasploit Framework C2
104.131.46.55,Metasploit Framework C2
51.92.4.138,Metasploit Framework C2
103.75.118.29,Metasploit Framework C2
16.26.232.4,Metasploit Framework C2
15.135.202.181,Metasploit Framework C2
3.14.79.202,Metasploit Framework C2
43.210.33.204,Metasploit Framework C2
3.26.55.251,Metasploit Framework C2
15.160.243.197,Metasploit Framework C2
103.177.46.106,Metasploit Framework C2
54.172.234.162,Metasploit Framework C2
16.78.226.123,Metasploit Framework C2
13.125.173.201,Metasploit Framework C2
34.245.28.64,Metasploit Framework C2
51.49.144.221,Metasploit Framework C2
15.222.255.246,Metasploit Framework C2
3.101.147.250,Metasploit Framework C2
43.201.9.168,Metasploit Framework C2
45.63.86.203,Metasploit Framework C2
187.49.187.233,Metasploit Framework C2
13.56.158.87,Metasploit Framework C2
3.99.231.136,Metasploit Framework C2
51.96.175.132,Metasploit Framework C2
15.237.217.209,Metasploit Framework C2
43.208.16.0,Metasploit Framework C2
3.77.53.220,Metasploit Framework C2
13.60.68.170,Metasploit Framework C2
13.51.196.44,Metasploit Framework C2
193.134.209.138,Metasploit Framework C2
35.72.163.134,Metasploit Framework C2
51.84.240.17,Metasploit Framework C2
54.116.51.76,Metasploit Framework C2
45.126.134.37,Metasploit Framework C2
51.17.83.7,Metasploit Framework C2
18.196.128.166,Metasploit Framework C2
108.137.97.9,Metasploit Framework C2
18.167.121.106,Metasploit Framework C2
15.152.76.89,Metasploit Framework C2
81.169.151.12,Metasploit Framework C2
202.56.160.189,Metasploit Framework C2
52.68.143.221,Metasploit Framework C2
16.18.17.3,Metasploit Framework C2
3.110.103.239,Metasploit Framework C2
3.253.111.131,Metasploit Framework C2
164.132.50.235,Metasploit Framework C2
16.28.39.179,Metasploit Framework C2
13.204.254.31,Metasploit Framework C2
3.249.131.72,Metasploit Framework C2
35.159.38.123,Metasploit Framework C2
15.152.219.32,Metasploit Framework C2
54.155.144.35,Metasploit Framework C2
18.237.233.34,Metasploit Framework C2
15.168.170.134,Metasploit Framework C2
18.163.61.125,Metasploit Framework C2
103.8.28.168,Metasploit Framework C2
3.214.144.124,Metasploit Framework C2
13.115.227.217,Metasploit Framework C2
3.110.192.146,Metasploit Framework C2
3.21.232.254,Metasploit Framework C2
43.199.63.77,Metasploit Framework C2
18.134.210.241,Metasploit Framework C2
104.225.129.120,Metasploit Framework C2
13.232.181.34,Metasploit Framework C2
18.224.202.195,Metasploit Framework C2
16.62.254.234,Metasploit Framework C2
3.99.209.88,Metasploit Framework C2
52.56.245.102,Metasploit Framework C2
162.55.91.224,Metasploit Framework C2
199.101.109.72,Metasploit Framework C2
35.180.35.222,Metasploit Framework C2
3.25.189.39,Metasploit Framework C2
45.61.138.9,Metasploit Framework C2
199.101.111.107,Metasploit Framework C2
18.230.196.229,Metasploit Framework C2
13.38.245.121,Metasploit Framework C2
51.84.226.214,Metasploit Framework C2
13.53.103.162,Metasploit Framework C2
34.246.223.187,Metasploit Framework C2
40.177.170.195,Metasploit Framework C2
15.223.44.203,Metasploit Framework C2
15.229.253.23,Metasploit Framework C2
3.137.146.200,Metasploit Framework C2
78.17.71.159,Metasploit Framework C2
182.23.67.109,Metasploit Framework C2
18.230.74.167,Metasploit Framework C2
16.26.140.78,Metasploit Framework C2
63.180.20.217,Metasploit Framework C2
35.183.32.250,Metasploit Framework C2
15.228.34.248,Metasploit Framework C2
168.245.202.136,Metasploit Framework C2
51.44.252.133,Metasploit Framework C2
3.97.204.151,Metasploit Framework C2
51.84.166.241,Metasploit Framework C2
18.228.119.51,Metasploit Framework C2
52.14.236.99,Metasploit Framework C2
3.138.117.20,Metasploit Framework C2
15.216.178.25,Metasploit Framework C2
15.165.7.213,Metasploit Framework C2
13.229.229.162,Metasploit Framework C2
124.223.33.239,Metasploit Framework C2
52.53.237.48,Metasploit Framework C2
43.198.25.153,Metasploit Framework C2
52.53.154.6,Metasploit Framework C2
37.187.20.127,Metasploit Framework C2
78.38.80.242,Metasploit Framework C2
209.10.188.204,Metasploit Framework C2
212.118.8.147,Metasploit Framework C2
16.59.140.4,Metasploit Framework C2
13.247.179.141,Metasploit Framework C2
98.84.100.115,Metasploit Framework C2
16.18.37.186,Metasploit Framework C2
51.92.246.124,Metasploit Framework C2
13.37.220.26,Metasploit Framework C2
13.36.243.194,Metasploit Framework C2
35.85.29.58,Metasploit Framework C2
54.233.93.17,Metasploit Framework C2
16.26.40.22,Metasploit Framework C2
18.222.183.179,Metasploit Framework C2
15.165.12.15,Metasploit Framework C2
16.28.106.200,Metasploit Framework C2
54.252.229.157,Metasploit Framework C2
40.177.65.63,Metasploit Framework C2
5.249.145.51,Metasploit Framework C2
199.101.109.40,Metasploit Framework C2
43.198.88.44,Metasploit Framework C2
52.67.136.192,Metasploit Framework C2
162.251.93.233,Metasploit Framework C2
122.155.223.144,Metasploit Framework C2
38.92.97.84,Metasploit Framework C2
185.156.73.148,Metasploit Framework C2
15.152.163.42,Metasploit Framework C2
47.129.167.217,Metasploit Framework C2
13.211.169.206,Metasploit Framework C2
51.94.157.156,Metasploit Framework C2
54.250.163.86,Metasploit Framework C2
3.107.95.220,Metasploit Framework C2
108.137.123.148,Metasploit Framework C2
13.247.181.114,Metasploit Framework C2
3.90.249.44,Metasploit Framework C2
35.180.69.208,Metasploit Framework C2
3.27.244.18,Metasploit Framework C2
192.52.166.48,Metasploit Framework C2
51.92.174.187,Metasploit Framework C2
103.152.3.126,Metasploit Framework C2
186.17.213.66,Metasploit Framework C2
3.235.57.225,Metasploit Framework C2
77.92.95.127,Metasploit Framework C2
51.16.10.50,Metasploit Framework C2
18.175.44.233,Metasploit Framework C2
16.52.88.53,Metasploit Framework C2
13.245.158.149,Metasploit Framework C2
40.177.5.210,Metasploit Framework C2
18.222.31.63,Metasploit Framework C2
35.152.187.192,Metasploit Framework C2
103.108.41.91,Metasploit Framework C2
43.199.45.175,Metasploit Framework C2
54.217.53.186,Metasploit Framework C2
18.143.158.122,Metasploit Framework C2
13.246.1.229,Metasploit Framework C2
16.79.27.145,Metasploit Framework C2
3.112.110.119,Metasploit Framework C2
185.254.58.195,Metasploit Framework C2
104.237.240.112,Metasploit Framework C2
16.144.132.175,Metasploit Framework C2
15.188.56.129,Metasploit Framework C2
103.177.47.38,Metasploit Framework C2
18.61.119.217,Metasploit Framework C2
3.96.213.254,Metasploit Framework C2
15.232.10.55,Metasploit Framework C2
40.176.173.134,Metasploit Framework C2
54.207.147.170,Metasploit Framework C2
18.166.69.34,Metasploit Framework C2
16.26.151.121,Metasploit Framework C2
52.38.35.179,Metasploit Framework C2
3.134.80.84,Metasploit Framework C2
52.56.240.108,Metasploit Framework C2
199.101.108.59,Metasploit Framework C2
16.148.24.15,Metasploit Framework C2
176.96.227.21,Metasploit Framework C2
35.178.3.182,Metasploit Framework C2
15.161.126.168,Metasploit Framework C2
3.110.41.114,Metasploit Framework C2
43.209.117.255,Metasploit Framework C2
18.102.60.231,Metasploit Framework C2
43.240.223.126,Metasploit Framework C2
52.53.210.159,Metasploit Framework C2
18.144.66.149,Metasploit Framework C2
16.163.31.37,Metasploit Framework C2
199.101.109.124,Metasploit Framework C2
3.141.6.175,Metasploit Framework C2
143.198.208.174,Metasploit Framework C2
199.101.109.90,Metasploit Framework C2
168.245.200.120,Metasploit Framework C2
185.156.73.99,Metasploit Framework C2
172.81.134.129,Metasploit Framework C2
13.233.103.187,Metasploit Framework C2
13.244.101.231,Metasploit Framework C2
15.207.113.163,Metasploit Framework C2
18.60.87.107,Metasploit Framework C2
43.210.100.144,Metasploit Framework C2
51.95.13.205,Metasploit Framework C2
199.101.109.123,Metasploit Framework C2
3.86.8.255,Metasploit Framework C2
15.222.25.0,Metasploit Framework C2
54.74.170.220,Metasploit Framework C2
13.204.249.124,Metasploit Framework C2
16.26.154.68,Metasploit Framework C2
18.145.87.4,Metasploit Framework C2
100.48.87.255,Metasploit Framework C2
13.233.28.58,Metasploit Framework C2
18.162.246.17,Metasploit Framework C2
15.152.97.87,Metasploit Framework C2
98.86.182.177,Metasploit Framework C2
3.99.178.104,Metasploit Framework C2
199.101.109.126,Metasploit Framework C2
35.152.96.202,Metasploit Framework C2
43.210.59.21,Metasploit Framework C2
15.160.122.48,Metasploit Framework C2
174.79.173.253,Metasploit Framework C2
109.123.242.116,Metasploit Framework C2
3.17.74.162,Metasploit Framework C2
13.63.167.192,Metasploit Framework C2
16.163.52.146,Metasploit Framework C2
56.112.107.39,Metasploit Framework C2
18.133.76.162,Metasploit Framework C2
51.34.23.37,Metasploit Framework C2
15.152.144.224,Metasploit Framework C2
51.95.93.5,Metasploit Framework C2
56.155.118.204,Metasploit Framework C2
186.155.213.134,Metasploit Framework C2
3.110.138.184,Metasploit Framework C2
18.135.45.19,Metasploit Framework C2
56.155.131.233,Metasploit Framework C2
54.229.201.146,Metasploit Framework C2
3.27.136.89,Metasploit Framework C2
13.245.237.47,Metasploit Framework C2
3.34.99.187,Metasploit Framework C2
18.191.245.48,Metasploit Framework C2
3.96.156.151,Metasploit Framework C2
146.59.199.61,Metasploit Framework C2
13.125.202.97,Metasploit Framework C2
43.207.197.255,Metasploit Framework C2
16.63.210.199,Metasploit Framework C2
52.188.13.228,Metasploit Framework C2
103.152.3.123,Metasploit Framework C2
54.254.149.136,Metasploit Framework C2
16.52.52.173,Metasploit Framework C2
35.183.101.110,Metasploit Framework C2
3.137.219.234,Metasploit Framework C2
13.62.223.170,Metasploit Framework C2
15.165.204.254,Metasploit Framework C2
51.34.84.22,Metasploit Framework C2
199.101.109.88,Metasploit Framework C2
40.176.198.47,Metasploit Framework C2
56.228.23.121,Metasploit Framework C2
185.254.58.95,Metasploit Framework C2
13.232.250.104,Metasploit Framework C2
13.208.172.23,Metasploit Framework C2
13.38.81.202,Metasploit Framework C2
87.199.48.35,Metasploit Framework C2
35.179.76.115,Metasploit Framework C2
3.106.122.192,Metasploit Framework C2
18.101.7.239,Metasploit Framework C2
123.156.62.67,Metasploit Framework C2
18.162.50.183,Metasploit Framework C2
13.60.200.15,Metasploit Framework C2
62.164.177.236,Metasploit Framework C2
51.34.78.137,Metasploit Framework C2
40.192.10.52,Metasploit Framework C2
18.171.240.18,Metasploit Framework C2
51.84.194.10,Metasploit Framework C2
120.136.24.164,Metasploit Framework C2
35.152.59.30,Metasploit Framework C2
15.160.213.138,Metasploit Framework C2
13.212.26.15,Metasploit Framework C2
15.168.135.196,Metasploit Framework C2
16.78.77.252,Metasploit Framework C2
202.125.94.123,Metasploit Framework C2
43.208.130.131,Metasploit Framework C2
165.227.136.106,Metasploit Framework C2
3.25.198.198,Metasploit Framework C2
195.128.100.180,Metasploit Framework C2
52.192.45.35,Metasploit Framework C2
16.62.219.56,Metasploit Framework C2
54.90.222.55,Metasploit Framework C2
16.174.28.33,Metasploit Framework C2
16.174.44.79,Metasploit Framework C2
103.152.3.149,Metasploit Framework C2
104.219.232.178,Metasploit Framework C2
103.8.28.216,Metasploit Framework C2
13.214.221.106,Metasploit Framework C2
13.218.239.202,Metasploit Framework C2
103.53.171.25,Metasploit Framework C2
103.152.3.243,Metasploit Framework C2
15.164.203.0,Metasploit Framework C2
13.212.16.24,Metasploit Framework C2
18.141.158.28,Metasploit Framework C2
34.241.190.155,Metasploit Framework C2
16.26.157.166,Metasploit Framework C2
52.15.208.21,Metasploit Framework C2
18.197.17.38,Metasploit Framework C2
18.102.66.10,Metasploit Framework C2
77.110.100.47,Metasploit Framework C2
56.112.33.178,Metasploit Framework C2
15.228.21.87,Metasploit Framework C2
217.160.25.65,Metasploit Framework C2
43.205.217.43,Metasploit Framework C2
65.2.160.191,Metasploit Framework C2
13.56.188.247,Metasploit Framework C2
140.99.164.101,Covenant C2
68.183.21.171,Covenant C2
89.58.30.49,Covenant C2
138.197.119.51,Covenant C2
75.119.131.232,Covenant C2
178.105.68.110,Covenant C2
77.237.245.173,Covenant C2
38.207.179.146,Mythic C2
167.99.151.149,Mythic C2
159.138.31.252,Mythic C2
172.174.234.34,Mythic C2
62.4.0.66,Mythic C2
195.100.198.220,Mythic C2
107.172.3.15,Mythic C2
188.166.252.93,Mythic C2
43.133.149.36,Mythic C2
85.158.108.55,Mythic C2
102.117.166.72,Mythic C2
98.85.71.175,Mythic C2
113.31.118.180,Mythic C2
145.131.8.169,Mythic C2
150.5.174.231,Mythic C2
45.66.164.17,Mythic C2
45.79.163.107,Mythic C2
64.23.213.61,Mythic C2
163.172.232.21,Mythic C2
157.230.125.65,Mythic C2
104.208.109.91,Mythic C2
206.189.227.148,Mythic C2
78.138.9.69,Mythic C2
83.142.209.146,Mythic C2
172.81.131.230,Mythic C2
175.27.164.136,Mythic C2
167.86.110.155,Mythic C2
102.117.166.138,Mythic C2
43.133.13.81,Mythic C2
159.89.36.127,Mythic C2
167.99.208.145,Mythic C2
198.23.173.170,Mythic C2
109.205.181.248,Mythic C2
209.38.100.109,Mythic C2
134.199.166.195,Mythic C2
82.153.138.107,Mythic C2
209.38.110.161,Mythic C2
37.60.254.174,Mythic C2
209.99.188.44,Mythic C2
193.29.13.89,Mythic C2
107.172.159.163,Mythic C2
146.190.133.216,Mythic C2
94.72.122.1,Mythic C2
140.143.207.166,Mythic C2
64.227.100.207,Mythic C2
62.169.25.116,Mythic C2
137.184.93.131,Mythic C2
64.188.71.230,Mythic C2
103.247.11.53,Mythic C2
52.184.81.137,Mythic C2
209.38.162.253,Mythic C2
66.85.27.30,Mythic C2
20.100.168.21,Mythic C2
217.154.212.25,Mythic C2
164.90.158.199,Mythic C2
136.24.173.249,Mythic C2
57.158.26.13,Mythic C2
89.197.168.150,Mythic C2
142.93.86.246,Mythic C2
18.194.57.25,Mythic C2
157.230.26.61,Mythic C2
178.128.252.142,Mythic C2
34.136.0.42,Mythic C2
109.123.249.123,Mythic C2
174.138.86.141,Mythic C2
107.174.202.123,Mythic C2
198.46.143.75,Mythic C2
108.61.193.141,Mythic C2
89.208.113.158,Mythic C2
129.211.212.43,Mythic C2
94.74.0.253,Mythic C2
161.97.78.71,Mythic C2
20.114.142.61,Mythic C2
217.145.72.202,Mythic C2
158.220.113.212,Mythic C2
216.238.77.60,Mythic C2
167.172.203.71,Mythic C2
64.23.164.161,Mythic C2
167.86.114.91,Mythic C2
84.46.243.167,Mythic C2
207.56.2.25,Mythic C2
54.249.68.148,Brute Ratel C4
213.199.35.149,Brute Ratel C4
93.71.143.3,Brute Ratel C4
3.113.66.233,Brute Ratel C4
23.88.110.42,Posh C2
91.215.85.39,Posh C2
45.39.210.144,Sliver C2
217.114.9.3,Sliver C2
35.176.12.180,Sliver C2
35.178.130.182,Sliver C2
164.90.149.44,Sliver C2
178.128.222.137,Sliver C2
8.136.135.220,Sliver C2
35.231.119.13,Sliver C2
31.204.128.102,Sliver C2
3.11.243.29,Sliver C2
146.190.69.62,Sliver C2
45.156.248.2,Sliver C2
216.126.237.205,Sliver C2
104.248.163.130,Sliver C2
150.5.168.18,Sliver C2
178.128.140.47,Sliver C2
15.160.54.32,Sliver C2
35.157.208.119,Sliver C2
37.81.166.34,Sliver C2
51.38.138.42,Sliver C2
46.101.128.199,Sliver C2
114.55.141.18,Sliver C2
196.191.244.137,Sliver C2
85.206.164.27,Sliver C2
92.113.148.153,Sliver C2
20.236.7.186,Sliver C2
3.71.239.81,Sliver C2
209.99.185.252,Sliver C2
38.47.122.77,Sliver C2
195.200.28.173,Sliver C2
192.151.223.214,Sliver C2
3.78.28.244,Sliver C2
5.230.72.150,Sliver C2
63.182.162.18,Sliver C2
31.44.0.193,Sliver C2
129.213.164.210,Sliver C2
47.99.213.122,Sliver C2
38.60.220.44,Sliver C2
16.60.250.240,Sliver C2
51.68.143.175,Sliver C2
152.42.214.0,Sliver C2
213.176.95.83,Sliver C2
104.129.51.142,Sliver C2
80.96.108.90,Sliver C2
143.198.16.180,Sliver C2
151.115.54.25,Sliver C2
206.189.1.112,Sliver C2
18.168.30.188,Sliver C2
5.9.129.105,Sliver C2
120.53.244.68,Sliver C2
45.225.135.53,Sliver C2
107.172.151.87,Sliver C2
62.210.114.160,Sliver C2
64.227.100.207,Sliver C2
109.107.140.248,Sliver C2
52.57.49.90,Sliver C2
13.41.243.206,Sliver C2
150.241.83.190,Sliver C2
194.26.192.234,Sliver C2
147.50.230.91,Sliver C2
161.35.208.90,Sliver C2
165.227.231.125,Sliver C2
138.91.32.183,Sliver C2
16.61.75.195,Sliver C2
24.144.82.16,Sliver C2
107.175.44.223,Sliver C2
3.127.33.82,Sliver C2
137.220.144.253,Sliver C2
107.173.171.123,Sliver C2
42.121.254.33,Sliver C2
64.226.101.105,Sliver C2
45.136.15.6,Sliver C2
107.189.25.138,Sliver C2
13.41.67.255,Sliver C2
45.66.248.233,Sliver C2
18.168.248.84,Sliver C2
162.246.19.52,Sliver C2
174.138.77.191,Sliver C2
64.225.64.178,Sliver C2
45.113.226.187,Sliver C2
47.239.97.27,Sliver C2
35.212.172.98,Sliver C2
13.42.116.226,Sliver C2
18.169.198.238,Sliver C2
15.235.166.83,Sliver C2
188.244.117.112,Sliver C2
140.245.13.61,Sliver C2
85.215.149.131,Sliver C2
80.91.79.31,Sliver C2
107.173.12.94,Sliver C2
172.105.183.234,Sliver C2
3.66.23.148,Sliver C2
101.37.76.223,Sliver C2
172.86.94.94,Sliver C2
47.109.33.245,Sliver C2
80.78.22.154,Sliver C2
142.11.194.134,Sliver C2
84.17.45.180,Sliver C2
3.9.145.30,Sliver C2
212.34.138.222,Sliver C2
47.110.255.240,Sliver C2
45.92.1.111,Sliver C2
159.65.113.187,Sliver C2
195.246.230.55,Sliver C2
84.32.22.235,Sliver C2
103.166.184.15,Sliver C2
8.220.195.197,Sliver C2
143.198.249.246,Sliver C2
170.64.203.23,Sliver C2
54.219.132.131,Sliver C2
89.125.255.44,Sliver C2
198.12.65.237,Sliver C2
36.212.254.213,Sliver C2
88.218.0.8,Sliver C2
202.61.193.198,Sliver C2
82.156.195.197,Sliver C2
144.91.79.184,Sliver C2
147.93.185.25,Sliver C2
49.232.199.250,Sliver C2
146.190.11.128,Sliver C2
38.109.11.65,Sliver C2
46.101.140.228,Sliver C2
34.122.21.68,Sliver C2
47.84.205.182,Sliver C2
47.110.151.77,Sliver C2
64.235.43.82,Sliver C2
45.61.136.219,Sliver C2
8.216.80.229,Sliver C2
62.171.158.126,Sliver C2
47.236.226.29,Sliver C2
13.134.144.198,Sliver C2
185.132.53.76,Sliver C2
13.41.207.98,Sliver C2
167.71.131.160,Sliver C2
159.223.0.103,Sliver C2
34.196.189.234,Sliver C2
117.148.177.48,Sliver C2
198.46.249.111,Sliver C2
51.24.52.206,Sliver C2
172.241.228.78,Sliver C2
13.43.67.243,Sliver C2
18.175.5.215,Sliver C2
46.101.206.226,Sliver C2
23.94.99.26,Sliver C2
13.135.229.65,Sliver C2
80.209.236.91,Sliver C2
104.248.140.159,Sliver C2
161.35.203.15,Sliver C2
52.209.228.84,Sliver C2
47.99.60.249,Sliver C2
172.235.8.204,Sliver C2
157.173.119.22,Sliver C2
47.121.136.51,Sliver C2
111.170.18.27,Sliver C2
164.90.197.183,Sliver C2
45.94.31.101,Sliver C2
146.70.158.198,Sliver C2
193.233.202.17,Sliver C2
147.93.6.114,Sliver C2
54.153.12.154,Sliver C2
82.223.37.211,Sliver C2
52.215.21.186,Sliver C2
89.147.108.44,Sliver C2
57.129.71.202,Sliver C2
8.136.126.128,Sliver C2
194.233.66.38,Sliver C2
77.110.125.222,Sliver C2
173.254.211.245,Sliver C2
167.17.47.138,Sliver C2
84.21.171.168,Sliver C2
13.134.155.156,Sliver C2
38.147.171.158,Sliver C2
134.209.93.110,Sliver C2
62.171.153.214,Sliver C2
185.10.68.122,Sliver C2
192.3.122.163,Sliver C2
45.137.99.96,Sliver C2
151.243.109.146,Sliver C2
35.178.77.254,Sliver C2
38.207.176.141,Sliver C2
91.210.170.8,Sliver C2
35.208.7.65,Sliver C2
159.223.234.164,Sliver C2
206.237.127.70,Sliver C2
57.180.228.100,Sliver C2
137.184.87.69,Sliver C2
51.195.119.119,Sliver C2
38.207.176.218,Sliver C2
157.173.126.33,Sliver C2
166.88.100.81,Sliver C2
54.219.43.163,Sliver C2
159.203.148.17,Sliver C2
34.57.194.244,Sliver C2
165.232.175.19,Sliver C2
18.130.61.200,Sliver C2
192.3.171.211,Sliver C2
63.176.73.174,Sliver C2
89.116.31.190,Sliver C2
146.103.41.175,Sliver C2
86.48.5.53,Sliver C2
8.162.15.76,Sliver C2
57.131.50.250,Sliver C2
31.204.128.170,Sliver C2
107.173.37.160,Sliver C2
154.31.217.203,Sliver C2
46.225.138.11,Sliver C2
5.181.181.107,Sliver C2
14.103.172.52,Sliver C2
35.177.139.132,Sliver C2
3.9.156.226,Sliver C2
37.60.231.121,Sliver C2
18.132.165.173,Sliver C2
64.225.49.99,Sliver C2
138.68.180.119,Sliver C2
62.171.138.199,Sliver C2
47.98.39.223,Sliver C2
31.58.79.155,Sliver C2
193.134.211.58,Sliver C2
34.95.109.125,Sliver C2
16.60.152.181,Sliver C2
143.198.1.58,Sliver C2
3.8.44.187,Sliver C2
15.160.81.172,Sliver C2
167.71.13.103,Sliver C2
177.153.51.68,Sliver C2
151.145.201.191,Sliver C2
3.8.178.174,Sliver C2
176.250.124.174,Sliver C2
167.172.246.241,Sliver C2
194.163.132.140,Sliver C2
45.74.244.71,Sliver C2
216.128.176.246,Sliver C2
213.209.159.254,Sliver C2
173.212.245.251,Sliver C2
13.43.70.38,Sliver C2
165.227.112.155,Sliver C2
43.160.195.50,Sliver C2
41.242.2.102,Sliver C2
35.179.245.233,Sliver C2
165.232.161.164,Sliver C2
18.168.167.218,Sliver C2
152.53.103.201,Sliver C2
145.241.166.161,Sliver C2
157.245.235.51,Sliver C2
187.84.150.127,Sliver C2
103.147.22.155,Sliver C2
167.99.51.2,Sliver C2
177.124.72.24,Sliver C2
8.136.181.243,Sliver C2
139.59.44.30,Sliver C2
23.95.193.221,Sliver C2
147.45.60.103,Sliver C2
138.197.224.55,Sliver C2
161.35.162.172,Sliver C2
124.158.5.149,Sliver C2
3.11.108.60,Sliver C2
84.200.24.245,Sliver C2
192.151.223.213,Sliver C2
18.170.81.46,Sliver C2
54.225.2.52,Sliver C2
51.102.194.187,Sliver C2
165.227.47.194,Sliver C2
151.245.54.248,Sliver C2
82.147.85.98,Sliver C2
18.170.80.65,Sliver C2
158.69.216.164,Sliver C2
92.112.126.10,Sliver C2
142.171.160.137,Sliver C2
45.63.66.221,Sliver C2
157.230.232.180,Sliver C2
31.220.80.26,Sliver C2
158.220.121.73,Sliver C2
47.120.46.210,Sliver C2
159.65.124.254,Sliver C2
35.178.155.29,Sliver C2
13.135.217.205,Sliver C2
38.242.227.177,Sliver C2
3.126.99.215,Sliver C2
52.191.101.30,Sliver C2
107.175.189.195,Sliver C2
24.137.215.159,Sliver C2
134.122.162.100,Sliver C2
138.68.170.98,Sliver C2
45.56.111.115,Sliver C2
34.143.221.252,Sliver C2
188.241.58.147,Sliver C2
20.29.10.79,Sliver C2
20.55.42.220,Sliver C2
115.190.173.70,Sliver C2
159.65.231.200,Sliver C2
64.23.139.223,Sliver C2
217.60.248.115,Sliver C2
66.116.237.233,Sliver C2
13.134.86.185,Sliver C2
138.226.247.177,Sliver C2
185.22.152.250,Sliver C2
165.227.171.35,Sliver C2
64.188.93.213,Sliver C2
87.228.63.152,Sliver C2
194.164.123.21,Sliver C2
18.194.19.184,Sliver C2
148.135.76.20,Sliver C2
152.32.190.81,Sliver C2
52.56.156.95,Sliver C2
45.55.222.89,Sliver C2
44.201.9.76,Sliver C2
16.61.75.45,Sliver C2
128.241.254.58,Sliver C2
35.178.11.135,Sliver C2
3.10.110.191,Sliver C2
194.163.191.78,Sliver C2
34.102.87.198,Sliver C2
34.87.24.96,Sliver C2
168.144.18.48,Sliver C2
178.105.97.24,Sliver C2
170.64.254.183,Sliver C2
167.99.16.48,Sliver C2
96.44.169.165,Sliver C2
13.40.208.90,Sliver C2
35.176.210.73,Sliver C2
57.158.27.132,Sliver C2
8.136.177.243,Sliver C2
46.38.238.27,Sliver C2
170.64.177.194,Sliver C2
16.60.195.191,Sliver C2
165.227.148.132,Sliver C2
24.144.90.215,Sliver C2
144.172.97.11,Sliver C2
165.245.130.101,Sliver C2
23.94.198.240,Sliver C2
158.94.210.74,Sliver C2
143.198.183.46,Sliver C2
45.76.215.238,Sliver C2
45.142.140.122,Sliver C2
167.99.148.49,Sliver C2
209.209.40.215,Sliver C2
198.44.179.29,Sliver C2
99.80.242.175,Sliver C2
147.15.78.253,Sliver C2
18.130.128.176,Sliver C2
194.37.80.126,Sliver C2
52.52.213.125,Sliver C2
13.56.72.148,Sliver C2
167.71.184.214,Sliver C2
20.118.243.73,Sliver C2
192.3.233.34,Sliver C2
85.120.252.124,Sliver C2
107.173.50.53,Sliver C2
167.71.143.123,Sliver C2
146.190.242.127,Sliver C2
159.223.221.202,Sliver C2
150.107.31.116,Sliver C2
54.74.235.231,Sliver C2
47.82.108.137,Sliver C2
51.15.8.6,Sliver C2
51.83.133.9,Sliver C2
164.92.136.111,Sliver C2
182.255.46.159,Sliver C2
38.76.217.69,Sliver C2
16.61.2.40,Sliver C2
34.8.12.46,Sliver C2
23.247.253.245,Sliver C2
16.60.252.82,Sliver C2
158.220.115.82,Sliver C2
174.138.45.21,Sliver C2
45.225.135.54,Sliver C2
43.106.4.215,Sliver C2
107.150.1.174,Sliver C2
16.60.101.246,Sliver C2
18.135.23.58,Sliver C2
5.189.131.248,Sliver C2
46.101.64.237,Sliver C2
101.132.66.50,Sliver C2
178.128.65.29,Sliver C2
3.8.104.123,Sliver C2
142.93.166.139,Sliver C2
75.119.131.232,Sliver C2
188.213.28.84,Sliver C2
107.172.78.171,Sliver C2
178.128.244.152,Sliver C2
82.165.218.73,Sliver C2
103.140.238.45,Sliver C2
18.169.203.89,Sliver C2
87.106.187.97,Sliver C2
52.173.131.28,Sliver C2
84.247.172.149,Sliver C2
185.234.69.58,Sliver C2
54.39.243.64,Sliver C2
3.108.249.225,Sliver C2
181.41.201.97,Sliver C2
65.109.12.27,Sliver C2
8.136.53.134,Sliver C2
20.165.173.217,Sliver C2
213.190.81.21,Sliver C2
82.153.138.218,Sliver C2
154.219.103.189,Sliver C2
185.246.223.72,Sliver C2
137.220.38.206,Sliver C2
13.134.160.158,Sliver C2
94.103.188.137,Sliver C2
103.245.251.195,Sliver C2
16.60.154.198,Sliver C2
45.63.126.195,Sliver C2
38.54.17.171,Sliver C2
13.52.66.11,Sliver C2
66.42.57.178,Sliver C2
188.208.197.80,Sliver C2
5.181.1.145,Sliver C2
98.87.73.79,Sliver C2
13.135.123.232,Sliver C2
18.194.49.47,Sliver C2
164.92.151.15,Sliver C2
24.199.93.68,Sliver C2
31.7.61.47,Sliver C2
38.242.215.217,Sliver C2
31.57.201.138,Sliver C2
52.19.132.111,Sliver C2
103.98.212.224,Sliver C2
106.12.174.164,Sliver C2
64.23.231.32,Sliver C2
52.210.208.76,Sliver C2
134.199.231.101,Sliver C2
8.210.236.220,Sliver C2
192.81.216.107,Sliver C2
36.150.237.12,Sliver C2
85.215.44.146,Sliver C2
35.198.100.242,Sliver C2
154.219.101.198,Sliver C2
77.110.122.58,Sliver C2
8.218.254.115,Sliver C2
80.96.58.80,Sliver C2
146.190.161.65,Sliver C2
52.58.250.39,Sliver C2
172.245.240.194,Sliver C2
34.120.233.212,Sliver C2
3.127.103.157,Sliver C2
158.180.236.197,Sliver C2
18.171.38.22,Sliver C2
143.110.151.209,Sliver C2
72.142.102.143,Sliver C2
16.60.78.146,Sliver C2
155.138.129.149,Sliver C2
5.189.147.128,Sliver C2
104.168.136.57,Sliver C2
167.71.16.171,Sliver C2
3.64.204.103,Sliver C2
13.51.64.2,Sliver C2
124.221.46.59,Sliver C2
91.134.139.176,Sliver C2
213.199.40.168,Sliver C2
207.174.0.149,Sliver C2
34.149.77.136,Sliver C2
178.128.63.20,Sliver C2
159.89.31.129,Sliver C2
54.160.116.30,Sliver C2
3.144.174.227,Sliver C2
177.54.147.216,Sliver C2
13.40.247.226,Sliver C2
77.90.185.69,Sliver C2
57.129.110.30,Sliver C2
106.75.48.83,Sliver C2
18.117.165.86,Sliver C2
82.165.79.60,Sliver C2
157.245.144.9,Sliver C2
159.195.78.233,Sliver C2
77.237.233.73,Sliver C2
172.245.118.81,Sliver C2
101.99.92.175,Sliver C2
52.56.247.105,Sliver C2
159.223.247.164,Sliver C2
79.141.174.123,Sliver C2
45.137.99.78,Sliver C2
47.84.83.56,Sliver C2
80.225.222.39,Sliver C2
63.141.255.205,Sliver C2
167.172.239.135,Sliver C2
139.59.3.131,Sliver C2
172.245.11.99,Sliver C2
159.65.124.183,Sliver C2
63.176.214.220,Sliver C2
185.193.126.141,Sliver C2
31.220.74.13,Sliver C2
62.146.169.174,Sliver C2
3.11.205.55,Sliver C2
165.227.136.106,Sliver C2
45.38.60.237,Sliver C2
185.245.182.240,Sliver C2
194.233.77.182,Sliver C2
172.236.10.230,Sliver C2
143.198.136.6,Sliver C2
137.184.57.89,Sliver C2
5.230.201.54,Sliver C2
163.172.71.54,Sliver C2
64.227.142.218,Sliver C2
192.227.239.42,Sliver C2
209.99.191.245,Sliver C2
35.177.132.164,Sliver C2
64.23.184.180,Sliver C2
45.142.140.153,Sliver C2
185.195.65.195,Sliver C2
68.64.178.11,Sliver C2
147.182.231.214,Sliver C2
46.250.231.70,Sliver C2
198.199.73.41,Sliver C2
18.169.118.83,Sliver C2
35.202.162.10,Sliver C2
152.42.186.204,Sliver C2
172.245.126.141,Deimos C2
43.161.238.54,PANDA C2
49.232.175.33,PANDA C2
1.116.73.99,PANDA C2
45.77.95.174,PANDA C2
47.90.123.210,PANDA C2
47.99.92.6,PANDA C2
118.25.193.164,PANDA C2
110.42.104.208,PANDA C2
101.200.138.9,PANDA C2
8.213.158.129,PANDA C2
35.237.152.192,PANDA C2
213.150.194.34,PANDA C2
120.27.13.24,PANDA C2
182.16.41.156,PANDA C2
43.134.164.35,PANDA C2
98.142.138.191,PANDA C2
115.190.54.238,PANDA C2
39.106.57.170,PANDA C2
172.174.38.81,PANDA C2
113.45.65.232,PANDA C2
121.199.165.107,PANDA C2
182.16.41.157,PANDA C2
199.188.104.130,PANDA C2
47.117.180.240,PANDA C2
42.192.101.39,PANDA C2
98.126.237.107,PANDA C2
45.76.247.252,PANDA C2
47.112.6.30,PANDA C2
153.0.158.129,PANDA C2
38.146.29.63,PANDA C2
59.110.221.22,PANDA C2
101.33.199.146,PANDA C2
45.64.52.235,PANDA C2
2400:3200:1300::14cf,PANDA C2
103.110.81.175,PANDA C2
154.37.219.245,PANDA C2
155.138.214.84,PANDA C2
8.138.176.208,PANDA C2
8.209.67.71,PANDA C2
150.158.120.91,PANDA C2
45.32.133.13,PANDA C2
45.64.52.237,PANDA C2
43.160.204.217,PANDA C2
101.201.45.200,PANDA C2
1.25.225.118,PANDA C2
47.94.136.17,PANDA C2
139.159.185.176,PANDA C2
120.76.200.78,PANDA C2
39.96.188.70,PANDA C2
23.94.59.163,PANDA C2
47.96.147.167,PANDA C2
39.101.131.231,PANDA C2
8.136.14.165,PANDA C2
45.12.89.72,PANDA C2
95.66.124.61,PANDA C2
182.16.41.154,PANDA C2
47.83.137.176,PANDA C2
117.25.28.1,PANDA C2
152.67.66.225,PANDA C2
213.95.51.99,PANDA C2
23.94.59.25,PANDA C2
128.241.236.83,PANDA C2
8.218.237.228,PANDA C2
98.82.163.21,PANDA C2
47.88.30.231,PANDA C2
98.126.237.108,PANDA C2
213.150.194.33,PANDA C2
47.104.254.132,PANDA C2
129.204.161.142,PANDA C2
8.217.85.66,PANDA C2
199.188.109.7,PANDA C2
149.28.10.10,PANDA C2
104.207.157.24,PANDA C2
98.126.237.110,PANDA C2
47.101.179.208,PANDA C2
172.233.179.243,PANDA C2
34.120.209.233,PANDA C2
47.90.244.171,PANDA C2
8.140.255.31,PANDA C2
147.146.240.95,PANDA C2
52.221.94.208,PANDA C2
38.190.196.52,PANDA C2
183.131.51.229,PANDA C2
47.106.149.60,PANDA C2
43.128.97.148,PANDA C2
118.178.135.73,PANDA C2
124.221.219.47,PANDA C2
16.78.3.206,PANDA C2
149.28.9.83,PANDA C2
47.75.59.35,PANDA C2
114.55.100.176,PANDA C2
47.92.65.209,PANDA C2
121.40.126.60,PANDA C2
182.16.41.158,PANDA C2
13.251.198.28,PANDA C2
175.178.41.106,PANDA C2
148.135.68.133,PANDA C2
27.150.169.68,PANDA C2
49.212.143.246,PANDA C2
98.126.237.109,PANDA C2
120.79.8.122,PANDA C2
47.121.191.57,PANDA C2
172.211.33.173,PANDA C2
173.212.230.111,PANDA C2
103.144.246.165,PANDA C2
132.232.170.180,PANDA C2
47.251.77.225,PANDA C2
59.110.173.112,PANDA C2
112.244.182.176,PANDA C2
123.57.93.117,PANDA C2
43.136.132.196,PANDA C2
155.138.252.76,PANDA C2
104.234.25.215,PANDA C2
139.224.37.91,PANDA C2
83.229.123.221,PANDA C2
47.97.7.188,PANDA C2
81.68.129.242,PANDA C2
144.202.121.189,PANDA C2
49.51.201.109,PANDA C2
116.62.142.146,PANDA C2
47.83.165.246,PANDA C2
199.188.104.129,PANDA C2
223.254.128.112,PANDA C2
149.28.202.142,PANDA C2
47.52.142.159,PANDA C2
161.117.179.114,PANDA C2
45.64.52.231,PANDA C2
47.106.248.192,PANDA C2
8.137.98.105,PANDA C2
54.180.78.177,PANDA C2
144.202.88.120,PANDA C2
103.40.253.162,PANDA C2
103.212.187.233,PANDA C2
148.66.51.80,PANDA C2
207.246.119.41,PANDA C2
101.200.90.191,PANDA C2
74.48.50.55,PANDA C2
172.190.135.107,PANDA C2
120.25.168.8,PANDA C2
129.226.121.12,PANDA C2
8.219.231.77,PANDA C2
211.159.227.142,PANDA C2
43.162.94.11,PANDA C2
61.184.8.207,PANDA C2
182.16.41.155,PANDA C2
98.126.237.106,PANDA C2
43.143.109.32,PANDA C2
8.138.122.109,PANDA C2
8.211.10.181,PANDA C2
173.199.122.196,PANDA C2
112.74.96.168,PANDA C2
104.238.153.249,PANDA C2
47.108.211.152,PANDA C2
39.107.121.220,PANDA C2
103.143.230.17,PANDA C2
47.116.114.93,PANDA C2
39.97.3.110,PANDA C2
18.163.183.136,NimPlant C2
18.167.103.46,NimPlant C2
15.204.14.143,Havoc C2
40.66.42.246,Havoc C2
107.175.189.195,Havoc C2
186.212.30.231,Havoc C2
2.26.96.209,Havoc C2
107.172.151.85,Havoc C2
20.199.45.214,Havoc C2
161.35.176.231,Havoc C2
64.23.248.252,Havoc C2
85.120.252.124,Havoc C2
178.128.125.237,Havoc C2
167.114.113.96,Havoc C2
202.181.24.236,Havoc C2
20.188.119.195,Havoc C2
3.84.192.200,Havoc C2
178.105.40.204,Havoc C2
176.133.239.174,Havoc C2
66.85.27.18,Havoc C2
36.140.162.173,Havoc C2
164.92.79.49,Havoc C2
15.204.95.228,Havoc C2
40.83.75.96,Havoc C2
157.173.96.123,Havoc C2
155.138.246.5,Havoc C2
52.91.63.153,Havoc C2
20.104.107.19,Havoc C2
142.93.88.220,Havoc C2
185.229.119.241,Havoc C2
31.57.201.105,Havoc C2
217.154.217.139,Havoc C2
5.75.185.142,Havoc C2
161.35.239.147,Havoc C2
51.81.171.234,Havoc C2
20.36.132.213,Havoc C2
202.171.43.176,Havoc C2
47.83.134.97,Havoc C2
3.233.222.128,Havoc C2
212.103.26.10,Havoc C2
192.227.232.124,Havoc C2
164.92.67.70,Havoc C2
54.177.100.78,Caldera C2
44.228.242.205,Caldera C2
99.79.9.18,GoPhish
4.185.79.65,GoPhish
51.81.155.58,GoPhish
18.192.221.193,GoPhish
15.206.69.245,GoPhish
39.97.49.101,GoPhish
35.226.91.167,GoPhish
68.183.122.189,GoPhish
20.213.217.227,GoPhish
116.254.103.206,GoPhish
149.202.56.64,GoPhish
34.77.62.214,GoPhish
54.232.234.226,GoPhish
23.22.210.240,GoPhish
37.46.210.111,GoPhish
135.235.8.201,GoPhish
5.75.213.165,GoPhish
121.224.7.169,GoPhish
144.126.250.5,GoPhish
173.255.235.138,GoPhish
139.59.99.99,GoPhish
146.190.159.168,GoPhish
138.2.34.112,GoPhish
46.224.62.117,GoPhish
34.79.13.195,GoPhish
94.46.171.220,GoPhish
34.79.18.204,GoPhish
101.43.117.68,GoPhish
178.104.63.241,GoPhish
101.36.113.58,GoPhish
136.228.40.23,GoPhish
54.225.189.158,GoPhish
34.59.86.168,GoPhish
38.147.162.137,GoPhish
178.104.212.61,GoPhish
162.244.80.230,GoPhish
103.43.130.54,GoPhish
51.81.237.25,GoPhish
39.103.98.20,GoPhish
103.169.3.162,GoPhish
128.199.239.94,GoPhish
77.51.219.187,GoPhish
34.176.142.248,GoPhish
4.201.122.3,GoPhish
34.159.98.118,GoPhish
167.71.237.184,GoPhish
172.236.137.60,GoPhish
3.111.28.205,GoPhish
34.81.155.243,GoPhish
103.148.110.43,GoPhish
136.144.165.159,GoPhish
37.205.13.125,GoPhish
136.114.228.94,GoPhish
172.205.3.245,GoPhish
180.179.104.89,GoPhish
129.151.252.237,GoPhish
54.36.182.0,GoPhish
57.129.139.216,GoPhish
217.154.245.123,GoPhish
48.217.21.253,GoPhish
159.89.9.188,GoPhish
139.144.176.85,GoPhish
34.18.165.179,GoPhish
128.140.101.215,GoPhish
46.31.77.51,GoPhish
34.89.204.76,GoPhish
104.196.220.46,GoPhish
159.203.48.34,GoPhish
150.95.83.34,GoPhish
206.183.130.245,GoPhish
79.148.106.231,GoPhish
136.113.157.159,GoPhish
34.38.195.43,GoPhish
172.234.198.96,GoPhish
138.199.217.30,GoPhish
5.133.122.68,GoPhish
50.18.24.14,GoPhish
62.234.106.244,GoPhish
3.23.231.9,GoPhish
172.211.240.210,GoPhish
37.9.171.97,GoPhish
45.79.2.86,GoPhish
109.128.152.65,GoPhish
124.222.99.37,GoPhish
64.76.214.54,GoPhish
34.175.221.125,GoPhish
38.49.209.207,GoPhish
47.120.38.173,GoPhish
151.247.193.48,GoPhish
101.47.155.45,GoPhish
49.249.247.195,GoPhish
129.151.224.192,GoPhish
212.227.45.32,GoPhish
83.173.113.66,GoPhish
165.154.203.19,GoPhish
223.76.218.105,GoPhish
172.245.210.224,GoPhish
206.189.189.202,GoPhish
185.218.125.52,GoPhish
47.94.193.73,GoPhish
104.47.145.108,GoPhish
217.154.68.152,GoPhish
123.231.234.40,GoPhish
45.153.131.206,GoPhish
200.9.4.41,GoPhish
170.168.61.61,GoPhish
8.215.88.40,GoPhish
206.189.19.79,GoPhish
46.101.21.16,GoPhish
159.65.80.200,GoPhish
4.239.122.1,GoPhish
43.153.76.24,GoPhish
185.167.60.126,GoPhish
64.227.178.226,GoPhish
159.89.210.218,GoPhish
39.96.202.122,GoPhish
78.46.210.40,GoPhish
118.107.218.42,GoPhish
79.98.9.72,GoPhish
126.209.7.138,GoPhish
87.106.64.174,GoPhish
35.227.245.87,GoPhish
54.72.23.231,GoPhish
138.197.168.34,GoPhish
188.166.73.139,GoPhish
34.63.108.204,GoPhish
52.207.246.179,GoPhish
54.196.78.167,GoPhish
141.148.208.171,GoPhish
172.237.105.124,GoPhish
139.59.136.12,GoPhish
45.153.129.92,GoPhish
134.209.223.203,GoPhish
45.9.74.7,GoPhish
159.65.114.244,GoPhish
122.51.206.236,GoPhish
163.7.16.211,GoPhish
147.182.156.86,GoPhish
34.27.66.246,GoPhish
34.150.231.24,GoPhish
159.203.140.138,GoPhish
206.189.23.93,GoPhish
49.235.85.108,GoPhish
34.9.31.28,GoPhish
144.172.99.220,GoPhish
129.213.166.220,GoPhish
172.193.42.214,GoPhish
218.104.52.188,GoPhish
152.52.45.206,GoPhish
206.189.116.120,GoPhish
159.69.100.50,GoPhish
144.22.192.165,GoPhish
3.82.152.138,GoPhish
34.60.91.34,GoPhish
51.12.243.123,GoPhish
143.110.163.176,GoPhish
164.92.223.34,GoPhish
34.46.180.128,GoPhish
172.105.120.150,GoPhish
54.197.69.114,GoPhish
108.162.67.124,GoPhish
145.131.30.136,GoPhish
20.166.145.251,GoPhish
222.118.241.116,GoPhish
138.185.109.230,GoPhish
31.56.60.104,GoPhish
201.72.113.30,GoPhish
197.255.126.29,GoPhish
117.190.245.135,GoPhish
3.131.159.180,GoPhish
82.165.110.142,GoPhish
134.209.226.25,GoPhish
189.45.141.173,GoPhish
34.199.119.42,GoPhish
47.111.166.212,GoPhish
167.172.100.54,GoPhish
178.104.173.226,GoPhish
122.170.96.200,GoPhish
167.234.226.89,GoPhish
138.2.161.102,GoPhish
3.212.215.46,GoPhish
104.248.105.64,GoPhish
190.119.16.140,GoPhish
172.105.41.51,GoPhish
77.246.108.212,XMRig Monero Cryptominer
103.110.185.155,XMRig Monero Cryptominer
31.156.177.89,XMRig Monero Cryptominer
46.225.185.7,XMRig Monero Cryptominer
185.232.170.43,XMRig Monero Cryptominer
103.245.231.60,XMRig Monero Cryptominer
146.190.50.229,XMRig Monero Cryptominer
165.227.89.71,XMRig Monero Cryptominer
62.210.172.174,XMRig Monero Cryptominer
180.184.168.132,XMRig Monero Cryptominer
202.181.177.112,XMRig Monero Cryptominer
88.198.163.90,XMRig Monero Cryptominer
99.251.118.240,XMRig Monero Cryptominer
123.31.36.53,XMRig Monero Cryptominer
103.38.236.171,XMRig Monero Cryptominer
8.222.206.6,XMRig Monero Cryptominer
222.242.113.157,XMRig Monero Cryptominer
103.251.164.121,XMRig Monero Cryptominer
121.41.228.171,XMRig Monero Cryptominer
47.237.160.231,XMRig Monero Cryptominer
8.137.16.111,XMRig Monero Cryptominer
120.77.203.166,XMRig Monero Cryptominer
15.204.249.233,XMRig Monero Cryptominer
159.69.82.161,XMRig Monero Cryptominer
8.137.123.125,XMRig Monero Cryptominer
74.50.85.45,XMRig Monero Cryptominer
95.217.114.203,XMRig Monero Cryptominer
133.125.60.106,XMRig Monero Cryptominer
95.217.114.205,XMRig Monero Cryptominer
85.131.252.120,XMRig Monero Cryptominer
8.137.61.71,XMRig Monero Cryptominer
157.180.82.167,XMRig Monero Cryptominer
221.163.91.163,XMRig Monero Cryptominer
111.6.85.226,XMRig Monero Cryptominer
185.246.117.81,XMRig Monero Cryptominer
191.37.134.80,XMRig Monero Cryptominer
173.249.56.42,XMRig Monero Cryptominer
212.192.15.82,XMRig Monero Cryptominer
8.218.71.187,Quasar RAT
8.210.77.104,Quasar RAT
202.95.8.97,Quasar RAT
141.11.84.199,Quasar RAT
27.124.20.13,Quasar RAT
197.121.60.58,Quasar RAT
111.170.164.98,Quasar RAT
121.169.59.210,Quasar RAT
136.0.251.70,Quasar RAT
27.124.20.25,Quasar RAT
202.95.8.92,Quasar RAT
45.192.110.20,Quasar RAT
209.145.59.89,Quasar RAT
27.124.20.136,Quasar RAT
202.95.8.98,Quasar RAT
27.124.20.30,Quasar RAT
119.29.8.235,ShadowPad
106.52.128.236,ShadowPad
51.68.204.240,ShadowPad
123.207.16.103,ShadowPad
155.248.216.246,ShadowPad
119.29.143.243,ShadowPad
112.95.159.90,ShadowPad
139.199.72.163,ShadowPad
119.29.73.94,ShadowPad
119.29.165.74,ShadowPad
51.195.209.197,ShadowPad
139.199.166.208,ShadowPad
119.29.249.227,ShadowPad
52.157.245.90,ShadowPad
123.207.18.157,ShadowPad
45.32.32.252,ShadowPad
113.98.238.83,ShadowPad
82.65.19.134,AsyncRAT
164.68.120.30,AsyncRAT
31.57.184.154,AsyncRAT
197.144.121.101,AsyncRAT
103.151.52.35,AsyncRAT
206.123.137.67,AsyncRAT
206.123.137.34,AsyncRAT
94.154.35.73,AsyncRAT
161.97.118.207,AsyncRAT
144.126.149.104,AsyncRAT
195.66.215.248,AsyncRAT
158.94.208.206,AsyncRAT
191.93.118.254,AsyncRAT
139.99.131.177,AsyncRAT
91.219.238.234,AsyncRAT
45.207.195.124,DcRAT
160.187.146.97,DcRAT
38.76.220.84,DcRAT
23.27.169.173,DcRAT
43.251.72.254,DarkComet Trojan
65.73.250.246,DarkComet Trojan
88.201.153.72,DarkComet Trojan
77.199.95.201,DarkComet Trojan
206.166.251.249,DarkComet Trojan
79.100.84.2,DarkComet Trojan
88.247.35.166,DarkComet Trojan
189.150.109.130,DarkComet Trojan
145.82.181.191,XtremeRAT Trojan
184.105.8.132,XtremeRAT Trojan
90.152.137.179,XtremeRAT Trojan
154.41.194.196,XtremeRAT Trojan
94.99.98.77,XtremeRAT Trojan
160.30.204.179,NanoCore RAT Trojan
144.79.12.69,NanoCore RAT Trojan
193.123.188.62,NanoCore RAT Trojan
2.58.84.141,NanoCore RAT Trojan
128.90.141.158,NanoCore RAT Trojan
50.39.155.159,NanoCore RAT Trojan
192.109.200.124,NanoCore RAT Trojan
45.153.34.107,NanoCore RAT Trojan
185.220.205.80,NanoCore RAT Trojan
160.30.204.142,NanoCore RAT Trojan
192.109.200.154,NanoCore RAT Trojan
92.34.34.196,Gh0st RAT Trojan
213.179.32.9,Gh0st RAT Trojan
94.191.187.105,Gh0st RAT Trojan
149.210.71.24,Gh0st RAT Trojan
88.129.241.65,Gh0st RAT Trojan
149.210.10.243,Gh0st RAT Trojan
41.98.219.186,njRAT Trojan
221.12.129.226,Remcos RAT
122.225.124.110,Remcos RAT
193.222.99.85,Orcus RAT Trojan
185.99.255.17,Hookbot
3.10.24.207,Hak5 Cloud C2
13.93.233.43,Hak5 Cloud C2
172.105.74.94,Hak5 Cloud C2
51.195.148.62,Hak5 Cloud C2
34.72.114.209,Hak5 Cloud C2
138.2.136.23,Hak5 Cloud C2
46.124.99.248,Hak5 Cloud C2
3.10.70.226,Hak5 Cloud C2
213.109.162.38,Hak5 Cloud C2
173.249.27.61,Hak5 Cloud C2
18.220.193.242,Hak5 Cloud C2
194.87.161.238,Hak5 Cloud C2
46.101.191.5,Hak5 Cloud C2
3.15.211.77,Hak5 Cloud C2
85.90.244.171,Hak5 Cloud C2
37.27.13.155,Hak5 Cloud C2
115.186.205.127,Hak5 Cloud C2
176.97.114.244,Hak5 Cloud C2
87.106.203.84,Hak5 Cloud C2
18.233.73.116,Hak5 Cloud C2
45.9.63.19,Hak5 Cloud C2
51.68.220.158,Hak5 Cloud C2
45.33.81.150,Hak5 Cloud C2
92.63.163.8,Hak5 Cloud C2
72.23.229.75,Hak5 Cloud C2
165.227.41.66,Hak5 Cloud C2
152.67.58.223,Hak5 Cloud C2
3.226.119.211,Hak5 Cloud C2
94.185.79.214,Hak5 Cloud C2
165.22.37.191,Hak5 Cloud C2
3.143.175.125,Hak5 Cloud C2
45.33.13.75,Hak5 Cloud C2
52.33.169.241,Hak5 Cloud C2
67.190.127.122,Hak5 Cloud C2
45.77.200.160,Hak5 Cloud C2
92.145.231.122,Hak5 Cloud C2
198.71.58.220,Hak5 Cloud C2
35.166.57.84,Hak5 Cloud C2
8.213.18.119,Hak5 Cloud C2
208.72.84.151,Hak5 Cloud C2
104.163.167.187,Hak5 Cloud C2
43.153.76.24,Hak5 Cloud C2
80.78.19.71,Hak5 Cloud C2
104.248.139.111,Hak5 Cloud C2
161.97.140.46,Hak5 Cloud C2
46.124.108.243,Hak5 Cloud C2
98.158.162.7,Hak5 Cloud C2
82.208.22.216,Hak5 Cloud C2
212.34.136.14,Hak5 Cloud C2
172.105.26.151,Hak5 Cloud C2
95.82.0.207,Hak5 Cloud C2
176.78.175.137,Hak5 Cloud C2
143.198.63.148,Hak5 Cloud C2
5.1.100.217,Hak5 Cloud C2
18.195.227.45,Hak5 Cloud C2
8.213.35.190,Hak5 Cloud C2
82.165.184.142,Hak5 Cloud C2
74.208.201.158,Hak5 Cloud C2
15.161.176.25,Hak5 Cloud C2
71.131.51.37,Hak5 Cloud C2
77.55.215.96,Hak5 Cloud C2
13.58.42.201,Hak5 Cloud C2
142.93.199.234,Hak5 Cloud C2
45.238.142.234,Hak5 Cloud C2
152.53.110.12,Hak5 Cloud C2
3.148.92.91,Hak5 Cloud C2
144.91.64.114,Hak5 Cloud C2
34.205.200.160,Hak5 Cloud C2
213.161.176.93,Hak5 Cloud C2
192.227.249.141,Hak5 Cloud C2
167.172.122.8,Hak5 Cloud C2
128.65.199.205,Hak5 Cloud C2
152.53.131.80,Hak5 Cloud C2
82.118.20.170,Hak5 Cloud C2
20.234.166.219,Hak5 Cloud C2
85.215.180.194,Hak5 Cloud C2
104.234.25.18,Hak5 Cloud C2
203.170.50.237,Hak5 Cloud C2
209.141.60.214,Pantegana C2
209.141.37.254,Pantegana C2
209.141.33.132,Pantegana C2
154.31.216.212,Supershell C2
20.2.161.33,Supershell C2
107.174.26.40,Supershell C2
47.76.181.119,Supershell C2
45.113.1.204,Supershell C2
23.106.131.15,Supershell C2
114.132.251.233,Supershell C2
143.92.60.13,Supershell C2
68.210.136.253,Supershell C2
117.72.38.14,Supershell C2
45.145.228.142,Supershell C2
103.242.12.143,Supershell C2
4.230.24.119,Supershell C2
59.110.137.87,Supershell C2
20.196.147.118,Supershell C2
152.42.180.208,Supershell C2
144.48.124.92,Supershell C2
115.191.18.57,Supershell C2
199.68.217.18,Supershell C2
117.24.4.124,Supershell C2
43.156.175.5,Supershell C2
20.2.139.87,Supershell C2
165.154.224.129,Supershell C2
8.216.26.169,Supershell C2
8.130.89.132,Supershell C2
8.217.200.158,Supershell C2
8.218.138.77,Supershell C2
198.46.147.169,Supershell C2
206.82.6.110,Supershell C2
120.78.121.146,Supershell C2
124.221.221.58,Supershell C2
103.43.18.10,Supershell C2
20.2.90.98,Supershell C2
8.216.84.159,Supershell C2
77.90.185.30,Supershell C2
83.229.121.154,Supershell C2
102.220.91.114,Supershell C2
20.89.182.93,Supershell C2
119.45.190.210,Supershell C2
101.133.172.90,Supershell C2
101.201.174.160,Supershell C2
113.45.238.149,Supershell C2
47.98.177.117,Supershell C2
43.247.135.185,Supershell C2
8.217.222.41,Supershell C2
107.172.75.201,Supershell C2
8.148.211.238,Supershell C2
144.48.124.94,Supershell C2
103.97.178.243,Supershell C2
144.48.124.90,Supershell C2
38.47.238.110,Supershell C2
166.108.206.56,Supershell C2
114.132.190.121,Supershell C2
8.210.146.82,Supershell C2
202.61.137.210,Supershell C2
134.122.169.42,Supershell C2
139.224.198.190,Supershell C2
155.117.98.14,Supershell C2
155.117.98.19,Supershell C2
47.74.242.253,Supershell C2
8.218.120.126,Supershell C2
8.218.254.115,Supershell C2
47.238.118.2,Supershell C2
117.72.119.63,Supershell C2
46.30.188.13,Supershell C2
107.189.28.92,Supershell C2
47.243.211.91,Supershell C2
143.92.60.24,Supershell C2
114.66.58.11,Supershell C2
180.76.144.175,Supershell C2
216.118.101.76,Viper C2
216.118.101.106,Viper C2
216.118.101.132,Viper C2
216.118.101.135,Viper C2
216.118.101.3,Viper C2
216.118.101.104,Viper C2
216.118.101.150,Viper C2
216.118.101.37,Viper C2
216.118.101.89,Viper C2
216.118.101.109,Viper C2
216.118.101.58,Viper C2
216.118.101.44,Viper C2
216.118.101.21,Viper C2
216.118.101.71,Viper C2
216.118.101.7,Viper C2
216.118.101.227,Viper C2
216.118.101.155,Viper C2
216.118.101.84,Viper C2
216.118.101.23,Viper C2
216.118.101.52,Viper C2
216.118.101.165,Viper C2
216.118.101.185,Viper C2
216.118.101.193,Viper C2
216.118.101.253,Viper C2
216.118.101.74,Viper C2
216.118.101.117,Viper C2
216.118.101.173,Viper C2
216.118.101.237,Viper C2
216.118.101.205,Viper C2
216.118.101.247,Viper C2
216.118.101.170,Viper C2
216.118.101.152,Viper C2
216.118.101.231,Viper C2
216.118.101.167,Viper C2
216.118.101.87,Viper C2
216.118.101.254,Viper C2
216.118.101.96,Viper C2
216.118.101.61,Viper C2
216.118.101.230,Viper C2
216.118.101.36,Viper C2
216.118.101.204,Viper C2
216.118.101.69,Viper C2
216.118.101.188,Viper C2
216.118.101.236,Viper C2
216.118.101.166,Viper C2
216.118.101.30,Viper C2
216.118.101.86,Viper C2
216.118.101.39,Viper C2
216.118.101.51,Viper C2
216.118.101.148,Viper C2
216.118.101.121,Viper C2
216.118.101.157,Viper C2
216.118.101.229,Viper C2
216.118.101.38,Viper C2
216.118.101.105,Viper C2
216.118.101.59,Viper C2
216.118.101.63,Viper C2
216.118.101.72,Viper C2
216.118.101.162,Viper C2
216.118.101.122,Viper C2
216.118.101.141,Viper C2
216.118.101.120,Viper C2
216.118.101.73,Viper C2
216.118.101.203,Viper C2
216.118.101.200,Viper C2
216.118.101.53,Viper C2
216.118.101.90,Viper C2
216.118.101.174,Viper C2
216.118.101.178,Viper C2
216.118.101.186,Viper C2
216.118.101.190,Viper C2
216.118.101.175,Viper C2
216.118.101.163,Viper C2
207.99.79.35,Viper C2
216.118.101.8,Viper C2
216.118.101.50,Viper C2
216.118.101.66,Viper C2
216.118.101.47,Viper C2
216.118.101.252,Viper C2
216.118.101.168,Viper C2
216.118.101.45,Viper C2
216.118.101.113,Viper C2
216.118.101.214,Viper C2
216.118.101.85,Viper C2
216.118.101.10,Viper C2
216.118.101.67,Viper C2
216.118.101.179,Viper C2
216.118.101.233,Viper C2
216.118.101.194,Viper C2
216.118.101.248,Viper C2
216.118.101.245,Viper C2
216.118.101.43,Viper C2
216.118.101.149,Viper C2
216.118.101.228,Viper C2
216.118.101.250,Viper C2
216.118.101.60,Viper C2
216.118.101.125,Viper C2
216.118.101.54,Viper C2
216.118.101.218,Viper C2
216.118.101.114,Viper C2
216.118.101.34,Viper C2
216.118.101.189,Viper C2
216.118.101.124,Viper C2
216.118.101.93,Viper C2
216.118.101.234,Viper C2
216.118.101.239,Viper C2
216.118.101.158,Viper C2
216.118.101.202,Viper C2
216.118.101.208,Viper C2
216.118.101.16,Viper C2
216.118.101.101,Viper C2
216.118.101.181,Viper C2
216.118.101.55,Viper C2
216.118.101.160,Viper C2
216.118.101.13,Viper C2
216.118.101.133,Viper C2
216.118.101.136,Viper C2
216.118.101.213,Viper C2
216.118.101.222,Viper C2
216.118.101.216,Viper C2
216.118.101.134,Viper C2
216.118.101.99,Viper C2
216.118.101.161,Viper C2
216.118.101.131,Viper C2
216.118.101.98,Viper C2
216.118.101.31,Viper C2
216.118.101.108,Viper C2
216.118.101.220,Viper C2
216.118.101.221,Viper C2
216.118.101.249,Viper C2
216.118.101.12,Viper C2
216.118.101.100,Viper C2
216.118.101.118,Viper C2
216.118.101.241,Viper C2
216.118.101.25,Viper C2
216.118.101.209,Viper C2
216.118.101.226,Viper C2
216.118.101.138,Viper C2
216.118.101.94,Viper C2
216.118.101.42,Viper C2
216.118.101.88,Viper C2
216.118.101.240,Viper C2
216.118.101.201,Viper C2
216.118.101.191,Viper C2
216.118.101.15,Viper C2
216.118.101.206,Viper C2
216.118.101.65,Viper C2
216.118.101.242,Viper C2
216.118.101.20,Viper C2
216.118.101.183,Viper C2
216.118.101.159,Viper C2
216.118.101.198,Viper C2
216.118.101.207,Viper C2
216.118.101.126,Viper C2
216.118.101.182,Viper C2
216.118.101.142,Viper C2
216.118.101.156,Viper C2
216.118.101.79,Viper C2
216.118.101.116,Viper C2
216.118.101.107,Viper C2
216.118.101.32,Viper C2
216.118.101.123,Viper C2
216.118.101.129,Viper C2
216.118.101.232,Viper C2
216.118.101.11,Viper C2
216.118.101.115,Viper C2
216.118.101.211,Viper C2
216.118.101.14,Viper C2
216.118.101.215,Viper C2
216.118.101.195,Viper C2
216.118.101.77,Viper C2
216.118.101.172,Viper C2
216.118.101.147,Viper C2
216.118.101.62,Viper C2
216.118.101.57,Viper C2
216.118.101.137,Viper C2
216.118.101.143,Viper C2
216.118.101.251,Viper C2
216.118.101.176,Viper C2
216.118.101.68,Viper C2
216.118.101.26,Viper C2
216.118.101.130,Viper C2
216.118.101.171,Viper C2
216.118.101.192,Viper C2
216.118.101.219,Viper C2
216.118.101.111,Viper C2
216.118.101.235,Viper C2
216.118.101.17,Viper C2
216.118.101.78,Viper C2
216.118.101.244,Viper C2
216.118.101.4,Viper C2
216.118.101.196,Viper C2
216.118.101.128,Viper C2
216.118.101.146,Viper C2
216.118.101.64,Viper C2
216.118.101.187,Viper C2
216.118.101.80,Viper C2
216.118.101.217,Viper C2
216.118.101.119,Viper C2
216.118.101.49,Viper C2
216.118.101.177,Viper C2
216.118.101.81,Viper C2
216.118.101.19,Viper C2
216.118.101.139,Viper C2
216.118.101.46,Viper C2
216.118.101.102,Viper C2
216.118.101.18,Viper C2
216.118.101.212,Viper C2
216.118.101.140,Viper C2
216.118.101.164,Viper C2
216.118.101.92,Viper C2
216.118.101.197,Viper C2
216.118.101.56,Viper C2
216.118.101.70,Viper C2
216.118.101.35,Viper C2
216.118.101.144,Viper C2
216.118.101.184,Viper C2
216.118.101.224,Viper C2
216.118.101.97,Viper C2
216.118.101.82,Viper C2
216.118.101.75,Viper C2
216.118.101.48,Viper C2
216.118.101.199,Viper C2
216.118.101.243,Viper C2
216.118.101.27,Viper C2
216.118.101.169,Viper C2
216.118.101.145,Viper C2
216.118.101.154,Viper C2
216.118.101.9,Viper C2
216.118.101.112,Viper C2
216.118.101.103,Viper C2
216.118.101.24,Viper C2
216.118.101.91,Viper C2
216.118.101.110,Viper C2
216.118.101.127,Viper C2
216.118.101.40,Viper C2
216.118.101.180,Viper C2
216.118.101.29,Viper C2
216.118.101.22,Viper C2
216.118.101.151,Viper C2
216.118.101.95,Viper C2
216.118.101.5,Viper C2
216.118.101.83,Viper C2
216.118.101.28,Viper C2
216.118.101.238,Viper C2
216.118.101.6,Viper C2
216.118.101.225,Viper C2
216.118.101.153,Viper C2
216.118.101.2,Viper C2
216.118.101.33,Viper C2
14.1.57.196,NetBus Trojan
109.123.239.180,NetBus Trojan
98.110.203.122,NetBus Trojan
177.124.72.24,Unam Web Panel
77.221.153.99,Unam Web Panel
185.194.175.132,Unam Web Panel
45.88.91.156,Unam Web Panel
147.45.42.161,Unam Web Panel
94.249.230.102,Unam Web Panel
145.241.198.20,Unam Web Panel
185.165.171.21,Unam Web Panel
192.253.248.10,Unam Web Panel
129.151.135.50,Unam Web Panel
62.60.148.99,Unam Web Panel
62.60.248.110,Unam Web Panel
217.60.38.147,Unam Web Panel
167.99.116.253,BurpSuite
195.242.138.45,BurpSuite
139.59.138.247,BurpSuite
45.55.2.111,BurpSuite
1.14.174.180,BurpSuite
52.199.82.99,BurpSuite
154.40.41.246,BurpSuite
8.134.147.233,BurpSuite
77.81.247.31,BurpSuite
107.173.154.73,BurpSuite
143.244.186.168,BurpSuite
5.2.72.106,BurpSuite
47.122.144.211,BurpSuite
43.226.44.135,BurpSuite
44.202.35.26,BurpSuite
47.106.179.48,BurpSuite
35.219.127.45,BurpSuite
198.144.179.122,BurpSuite
117.72.68.99,BurpSuite
47.76.163.238,BurpSuite
51.79.102.222,BurpSuite
106.54.59.209,BurpSuite
47.94.23.151,BurpSuite
43.163.233.138,BurpSuite
43.156.102.200,BurpSuite
117.72.217.36,BurpSuite
47.116.223.240,BurpSuite
43.128.107.228,BurpSuite
182.147.212.157,BurpSuite
64.181.235.0,BurpSuite
47.98.224.209,BurpSuite
124.222.231.100,BurpSuite
8.137.114.116,BurpSuite
120.53.124.202,BurpSuite
182.92.159.22,BurpSuite
121.41.178.51,BurpSuite
3.110.153.212,BurpSuite
159.89.161.81,BurpSuite
157.7.114.235,BurpSuite
95.179.211.228,BurpSuite
47.107.127.173,BurpSuite
172.105.73.93,BurpSuite
154.83.13.187,BurpSuite
188.253.17.253,BurpSuite
45.77.76.222,BurpSuite
81.68.145.116,BurpSuite
47.98.125.4,BurpSuite
108.61.81.4,BurpSuite
101.42.49.202,BurpSuite
23.95.50.208,BurpSuite
199.241.1.215,BurpSuite
223.27.46.100,BurpSuite
154.8.205.73,BurpSuite
95.217.73.221,BurpSuite
199.241.1.214,BurpSuite
64.226.85.48,BurpSuite
154.17.20.211,BurpSuite
96.126.108.228,BurpSuite
120.79.88.89,BurpSuite
51.89.84.155,BurpSuite
157.90.74.12,BurpSuite
23.95.6.6,BurpSuite
157.230.21.24,BurpSuite
20.204.209.183,BurpSuite
23.95.240.226,BurpSuite
103.184.47.180,BurpSuite
47.97.59.120,BurpSuite
155.248.230.134,BurpSuite
18.132.177.238,BurpSuite
51.68.45.68,BurpSuite
1.15.116.27,BurpSuite
51.68.199.51,BurpSuite
47.102.108.176,BurpSuite
152.136.63.224,BurpSuite
43.226.45.110,BurpSuite
168.138.208.253,BurpSuite
82.67.91.231,BurpSuite
93.179.115.149,BurpSuite
82.156.111.231,BurpSuite
43.140.36.203,BurpSuite
199.241.1.213,BurpSuite
82.66.142.57,BurpSuite
112.124.47.226,BurpSuite
192.175.22.188,BurpSuite
138.197.194.52,BurpSuite
120.26.150.51,BurpSuite
113.44.133.1,BurpSuite
20.219.208.20,BurpSuite
161.35.24.145,BurpSuite
39.106.41.55,BurpSuite
5.161.72.214,BurpSuite
131.186.57.140,BurpSuite
8.135.50.26,BurpSuite
2a02:4780:13:1676:0:166a:b1f0:2,BurpSuite
150.136.136.192,BurpSuite
185.165.169.222,BurpSuite
213.175.61.34,BurpSuite
149.104.0.202,BurpSuite
2606:4700:3037::6815:a8f,BurpSuite
13.234.18.168,BurpSuite
121.43.238.183,BurpSuite
151.242.30.165,BurpSuite
110.42.163.7,MobSF
202.10.33.52,MobSF
47.108.214.97,MobSF
78.47.51.234,MobSF
75.119.131.232,Villain C2
154.31.217.203,Villain C2
152.53.20.140,Villain C2
106.14.76.222,RedGuard C2
107.174.142.140,RedGuard C2
45.141.136.133,RedGuard C2
103.136.150.48,RedGuard C2
23.95.44.80,RedGuard C2
182.255.44.44,RedGuard C2
45.137.10.110,RedGuard C2
212.192.15.73,RedGuard C2
182.255.45.244,RedGuard C2
43.254.218.245,RedGuard C2
124.156.152.46,RedGuard C2
103.23.172.132,RedGuard C2
110.37.35.199,Mozi Botnet
103.42.142.59,Mozi Botnet
125.43.44.207,Mozi Botnet
42.224.96.49,Mozi Botnet
103.83.9.186,Mozi Botnet
112.242.178.250,Mozi Botnet
188.137.242.69,Sectop RAT
98.142.252.140,Sectop RAT
144.31.3.123,Sectop RAT
193.24.211.90,Sectop RAT
45.59.117.67,Sectop RAT
194.246.83.43,Sectop RAT
212.193.31.163,Sectop RAT
89.124.79.20,Sectop RAT
89.124.93.45,Sectop RAT
212.43.147.70,Sectop RAT
188.137.233.71,Sectop RAT
135.181.138.114,Sectop RAT
141.98.7.177,Sectop RAT
107.158.128.77,Sectop RAT
158.94.209.224,Sectop RAT
178.16.53.110,Sectop RAT
141.11.197.63,Sectop RAT
91.92.241.102,Sectop RAT
91.92.240.92,Sectop RAT
88.214.25.52,Sectop RAT
91.92.243.101,Sectop RAT
144.124.229.131,Sectop RAT
46.149.73.232,Sectop RAT
144.31.159.168,Sectop RAT
188.137.248.86,Sectop RAT
